{
  "name": "owb",
  "title": "WWII:OWB",
  "description": "Play WW2 adventures compatible with WWII:Operation Whitebox™ on Foundry VTT",
  "version": "1.0.4",
  "minimumCoreVersion": "0.7.5",
  "compatibleCoreVersion": "0.7.9",
  "templateVersion": 2,
  "author": "chrisesharp",
  "esmodules": ["owb.js"],
  "styles": ["owb.css"],
  "packs": [
    {
      "name": "macros",
      "label": "Macros",
      "package": "owb",
      "path": "packs/macros.db",
      "entity": "Macro"
    },
    {
      "name": "tables",
      "label": "Tables",
      "package": "owb",
      "path": "packs/tables.db",
      "entity": "RollTable",
      "module": "owb-content"
    }
  ],
  "languages": [
    {
      "lang": "en",
      "name": "English",
      "path": "lang/en.json"
    }
  ],
  "gridDistance": 5,
  "gridUnits": "ft",
  "url": "https://github.com/chrisesharp/foundryvtt-owb",
  "manifest": "https://raw.githubusercontent.com/chrisesharp/foundryvtt-owb/master/src/system.json",
  "download": "https://raw.githubusercontent.com/chrisesharp/foundryvtt-owb/master/package/owb-v1.0.4.zip"
}